Memory Access Order,Run #1 (seconds),Run #2 (seconds),Run #3 (seconds),Average (seconds)
"i,j,k",2.7028,2.684401,2.84099,2.742730333
"i,k,j",1.837814,1.854395,1.836796,1.843001667
"j,i,k",2.658566,2.689633,2.661328,2.669842333
"j,k,i",2.385658,2.238631,2.329849,2.318046
"k,i,j",1.861287,1.808765,1.856786,1.842279333
"k,j,i",2.314481,2.425879,2.280797,2.340385667